{
    "旺旺大礼包":{
        "itemAmount":1,
        "itemRarity":"Legendary",
        "itemRarityRaw":0.025
    },
    "天空之尘500":{
        "itemAmount":500,
        "itemRarity":"Legendary",
        "itemRarityRaw":0.025
    },
    "净化之歌":{
        "itemAmount":1,
        "itemRarity":"Epic",
        "itemRarityRaw":0.075
    },
    "天空之尘200":{
        "itemAmount":200,
        "itemRarity":"Epic",
        "itemRarityRaw":0.075
    },
    "天空之尘50":{
        "itemAmount":50,
        "itemRarity":"Rare",
        "itemRarityRaw":0.15
    },
    "恢复药水":{
        "itemAmount":1,
        "itemRarity":"Rare",
        "itemRarityRaw":0.15
    },
    "力量药水":{
        "itemAmount":1,
        "itemRarity":"Common",
        "itemRarityRaw":0.1667
    },
    "生命药水":{
        "itemAmount":1,
        "itemRarity":"Common",
        "itemRarityRaw":0.1667
    },
    "天空之尘":{
        "itemAmount":20,
        "itemRarity":"Common",
        "itemRarityRaw":0.1667
    }
}