{
    "月影":{
        "weaponAttack":1250,
        "weaponRarity":"Legendary",
        "weaponRarityRaw":0.05
    },
    "灯火":{
        "weaponAttack":500,
        "weaponRarity":"Epic",
        "weaponRarityRaw":0.075
    },
    "流光":{
        "weaponAttack":600,
        "weaponRarity":"Epic",
        "weaponRarityRaw":0.075
    },
    "朱缨枪":{
        "weaponAttack":250,
        "weaponRarity":"Rare",
        "weaponRarityRaw":0.15
    },
    "白铁剑":{
        "weaponAttack":200,
        "weaponRarity":"Rare",
        "weaponRarityRaw":0.15
    },
    "外表普通的剑":{
        "weaponAttack":75,
        "weaponRarity":"Common",
        "weaponRarityRaw":0.1667
    },
    "大剑":{
        "weaponAttack":100,
        "weaponRarity":"Common",
        "weaponRarityRaw":0.1667
    },
    "不寻常的剑":{
        "weaponAttack":150,
        "weaponRarity":"Common",
        "weaponRarityRaw":0.1667
    }
}