{
    "旺旺大礼包":{
        "item_amount":1,
        "item_rarity":"Special",
        "item_rarity_raw":0.01
    },
    "天空之尘500":{
        "item_amount":500,
        "item_rarity":"Legendary",
        "item_rarity_raw":0.01
    },
    "净化之歌":{
        "item_amount":1,
        "item_rarity":"Epic",
        "item_rarity_raw":0.05
    },
    "天空之尘200":{
        "item_amount":200,
        "item_rarity":"Epic",
        "item_rarity_raw":0.05
    },
    "天空之尘50":{
        "item_amount":50,
        "item_rarity":"Rare",
        "item_rarity_raw":0.19
    },
    "恢复药水":{
        "item_amount":1,
        "item_rarity":"Rare",
        "item_rarity_raw":0.19
    },
    "力量药水":{
        "item_amount":1,
        "item_rarity":"Common",
        "item_rarity_raw":0.1667
    },
    "生命药水":{
        "item_amount":1,
        "item_rarity":"Common",
        "item_rarity_raw":0.1667
    },
    "天空之尘":{
        "item_amount":20,
        "item_rarity":"Common",
        "item_rarity_raw":0.1667
    }
}