{
    "灯火":{
        "weapon_attack":1250,
        "weapon_rarity":"Legendary",
        "weapon_rarity_raw":0.02
    },
    "月影":{
        "weapon_attack":500,
        "weapon_rarity":"Epic",
        "weapon_rarity_raw":0.05
    },
    "流光":{
        "weapon_attack":600,
        "weapon_rarity":"Epic",
        "weapon_rarity_raw":0.05
    },
    "朱缨枪":{
        "weapon_attack":250,
        "weapon_rarity":"Rare",
        "weapon_rarity_raw":0.19
    },
    "白铁剑":{
        "weapon_attack":200,
        "weapon_rarity":"Rare",
        "weapon_rarity_raw":0.19
    },
    "外表普通的剑":{
        "weapon_attack":75,
        "weapon_rarity":"Common",
        "weapon_rarity_raw":0.1667
    },
    "大剑":{
        "weapon_attack":100,
        "weapon_rarity":"Common",
        "weapon_rarity_raw":0.1667
    },
    "不寻常的剑":{
        "weapon_attack":150,
        "weapon_rarity":"Common",
        "weapon_rarity_raw":0.1667
    }
}