{
    "腐败剑士":{
        "armor_defence":60,
        "armor_rarity":"Epic",
        "armor_rarity_raw":0.02,
        "crit_rate":0.05,
        "element":"spirit",
        "armor_step":3,
        "armor_price":1000
    },
    "黑玛瑙":{
        "armor_defence":100,
        "armor_rarity":"Epic",
        "armor_rarity_raw":0.02,
        "crit_rate":0.03,
        "element":"darkness",
        "armor_step":4,
        "armor_price":1000
    },
    "冒险家":{
        "armor_defence":10,
        "armor_rarity":"Common",
        "armor_rarity_raw":0.5,
        "crit_rate":0.04,
        "element":"wood",
        "armor_step":1,
        "armor_price":250
    },
    "风帽":{
        "armor_defence":10,
        "armor_rarity":"Rare",
        "armor_rarity_raw":0.38,
        "crit_rate":0.075,
        "element":"spirit",
        "armor_step":1,
        "armor_price":500
    },
    "炽热白镜":{
        "armor_defence":50,
        "armor_rarity":"Epic",
        "armor_rarity_raw":0.1,
        "crit_rate":0.1,
        "element":"fire",
        "armor_step":3,
        "armor_price":1200
    },
    "炎鬼":{
        "armor_defence":10,
        "armor_rarity":"Epic",
        "armor_rarity_raw":0.1,
        "crit_rate":0.20,
        "element":"fire",
        "armor_step":3,
        "armor_price":1100
    },
    "士兵":{
        "armor_defence":30,
        "armor_rarity":"Common",
        "armor_rarity_raw":0.5,
        "crit_rate":0.03,
        "element":"spirit",
        "armor_step":3,
        "armor_price":250
    },
    "旅行家":{
        "armor_defence":5,
        "armor_rarity":"Rare",
        "armor_rarity_raw":0.38,
        "crit_rate":0.05,
        "element":"wood",
        "armor_step":0,
        "armor_price":550
    }
}