{
    "Python之蛇":{
        "weaponAttack":1024,
        "weaponRarity":"Special",
        "weaponRarityRaw":-1,
        "weaponPrice":4096
    },
    "C#之音":{
        "weaponAttack":1024,
        "weaponRarity":"Special",
        "weaponRarityRaw":-1,
        "weaponPrice":4096
    },
    "Java之饮":{
        "weaponAttack":1024,
        "weaponRarity":"Special",
        "weaponRarityRaw":-1,
        "weaponPrice":4096
    },
    "星辉燎斩":{
        "weaponAttack":1250,
        "weaponRarity":"Legendary",
        "weaponRarityRaw":0.05,
        "weaponPrice":2000
    },
    "霜锋碎光":{
        "weaponAttack":1000,
        "weaponRarity":"Legendary",
        "weaponRarityRaw":0.05,
        "weaponPrice":1800
    },
    "影":{
        "weaponAttack":800,
        "weaponRarity":"Epic",
        "weaponRarityRaw":0.15,
        "weaponPrice":1250
    },
    "咖喱棒":{
        "weaponAttack":250,
        "weaponRarity":"Rare",
        "weaponRarityRaw":0.3,
        "weaponPrice":500
    },
    "大剑":{
        "weaponAttack":100,
        "weaponRarity":"Common",
        "weaponRarityRaw":0.5,
        "weaponPrice":50
    }
}